batch,round,killer,cause,detail
s0,?,KILLED_SELF,corner_pin,"plant t=161 own(13,3) esc=0"
s0,?,KILLED_SELF,corner_pin,"plant t=100 own(11,13) esc=0"
s0,?,GOT_KILLED,corner_pin,"plant t=51 enemy(15,7) esc=0"
s0,?,KILLED_SELF,own_bomb_chain,"plant t=225 own(5,3) esc=4"
s0,?,GOT_KILLED,corner_pin,"plant t=246 enemy(3,7) esc=0"
s0,?,KILLED_SELF,own_bomb_chain,"plant t=73 own(7,11) esc=3"
s0,?,GOT_KILLED,corner_pin,"plant t=88 enemy(11,5) esc=0"
s0,?,GOT_KILLED,enemy_lucky,"plant t=108 enemy(11,4) esc=2"
s0,?,GOT_KILLED,enemy_trap,"plant t=329 enemy(1,8) esc=2 sealed@331"
s0,?,GOT_KILLED,corner_pin,"plant t=244 enemy(7,13) esc=0"
s0,?,GOT_KILLED,corner_pin,"plant t=58 enemy(3,14) esc=0"
s0,?,KILLED_SELF,own_bomb_chain,"plant t=108 own(7,5) esc=2"
s0,?,GOT_KILLED,corner_pin,"plant t=262 enemy(15,7) esc=0"
s0,?,GOT_KILLED,enemy_lucky,"plant t=117 enemy(4,9) esc=2"
s0,?,GOT_KILLED,corner_pin,"plant t=245 enemy(9,3) esc=0"
s0,?,KILLED_SELF,own_bomb_chain,"plant t=356 own(15,3) esc=2"
s0,?,GOT_KILLED,corner_pin,"plant t=77 enemy(9,9) esc=0"
s0,?,KILLED_SELF,own_bomb_chain,"plant t=209 own(11,13) esc=3"
s0,?,GOT_KILLED,corner_pin,"plant t=363 enemy(15,13) esc=0"
s0,?,KILLED_SELF,own_bomb_chain,"plant t=269 own(13,11) esc=4"
s0,?,GOT_KILLED,corner_pin,"plant t=97 enemy(9,7) esc=0 owner_mismatch(coord=own,engine=GOT_KILLED)"
s0,?,GOT_KILLED,corner_pin,"plant t=119 enemy(7,12) esc=1"
s0,?,GOT_KILLED,corner_pin,"plant t=258 enemy(1,11) esc=0"
s0,?,GOT_KILLED,corner_pin,"plant t=127 enemy(7,11) esc=0 owner_mismatch(coord=own,engine=GOT_KILLED)"
s0,?,GOT_KILLED,corner_pin,"plant t=203 enemy(15,14) esc=0"
s0,?,KILLED_SELF,own_bomb_chain,"plant t=205 own(11,5) esc=4"
s0,?,KILLED_SELF,own_bomb_chain,"plant t=106 own(5,3) esc=3"
s0,?,KILLED_SELF,own_bomb_chain,"plant t=186 own(5,13) esc=3"
s0,?,GOT_KILLED,corner_pin,"plant t=232 enemy(9,7) esc=0"
s0,?,GOT_KILLED,corner_pin,"plant t=82 enemy(3,2) esc=0"
s0,?,GOT_KILLED,corner_pin,"plant t=115 enemy(11,5) esc=0"
s0,?,KILLED_SELF,own_bomb_chain,"plant t=83 own(4,5) esc=2"
s0,?,GOT_KILLED,enemy_lucky,"plant t=256 enemy(11,10) esc=2"
s0,?,GOT_KILLED,corner_pin,"plant t=152 enemy(13,9) esc=1"
s0,?,KILLED_SELF,own_bomb_chain,"plant t=115 own(13,10) esc=2 owner_mismatch(coord=enemy,engine=KILLED_SELF)"
s0,?,KILLED_SELF,corner_pin,"plant t=143 own(7,11) esc=0"
s0,?,KILLED_SELF,own_bomb_chain,"plant t=170 own(13,7) esc=2"
s0,?,GOT_KILLED,corner_pin,"plant t=309 enemy(9,11) esc=0"
s0,?,KILLED_SELF,own_bomb_chain,"plant t=301 own(1,13) esc=2"
s0,?,KILLED_SELF,corner_pin,"plant t=56 own(15,9) esc=1"
s0,?,KILLED_SELF,own_bomb_chain,"plant t=89 own(11,9) esc=3"
s0,?,GOT_KILLED,enemy_lucky,"plant t=200 enemy(12,11) esc=3"
s0,?,GOT_KILLED,corner_pin,"plant t=104 enemy(5,7) esc=0"
s0,?,GOT_KILLED,corner_pin,"plant t=43 enemy(13,9) esc=0"
s0,?,KILLED_SELF,own_bomb_chain,"plant t=76 own(11,7) esc=2"
s0,?,GOT_KILLED,corner_pin,"plant t=98 enemy(7,10) esc=1"
s0,?,GOT_KILLED,enemy_lucky,"plant t=42 enemy(13,9) esc=3"
s0,?,GOT_KILLED,corner_pin,"plant t=63 enemy(11,14) esc=0 owner_mismatch(coord=own,engine=GOT_KILLED)"
s0,?,KILLED_SELF,own_bomb_chain,"plant t=252 own(11,3) esc=3"
s0,?,GOT_KILLED,corner_pin,"plant t=183 enemy(8,13) esc=1"
s0,?,GOT_KILLED,corner_pin,"plant t=87 enemy(12,1) esc=0"
s0,?,KILLED_SELF,own_bomb_chain,"plant t=248 own(13,13) esc=4"
s0,?,GOT_KILLED,corner_pin,"plant t=118 enemy(10,9) esc=0"
s0,?,GOT_KILLED,corner_pin,"plant t=245 enemy(7,7) esc=0 owner_mismatch(coord=own,engine=GOT_KILLED)"
s0,?,KILLED_SELF,corner_pin,"plant t=62 own(5,13) esc=0"
s0,?,GOT_KILLED,corner_pin,"plant t=94 enemy(13,15) esc=0 owner_mismatch(coord=own,engine=GOT_KILLED)"
s0,?,GOT_KILLED,enemy_lucky,"plant t=152 enemy(10,13) esc=3"
s0,?,GOT_KILLED,corner_pin,"plant t=74 enemy(7,13) esc=0"
s0,?,GOT_KILLED,enemy_lucky,"plant t=239 enemy(12,13) esc=2"
s0,?,GOT_KILLED,enemy_lucky,"plant t=224 enemy(13,6) esc=2"
s0,?,KILLED_SELF,own_bomb_chain,"plant t=374 own(11,9) esc=4"
s0,?,KILLED_SELF,own_bomb_chain,"plant t=265 own(3,11) esc=3"
s0,?,KILLED_SELF,own_bomb_chain,"plant t=48 own(5,7) esc=2"
s0,?,GOT_KILLED,corner_pin,"plant t=44 enemy(7,2) esc=0"
s0,?,GOT_KILLED,enemy_trap,"plant t=126 enemy(9,11) esc=3 sealed@128"
s0,?,KILLED_SELF,corner_pin,"plant t=207 own(13,8) esc=0"
s0,?,GOT_KILLED,corner_pin,"plant t=172 enemy(9,12) esc=0"
s0,?,KILLED_SELF,own_bomb_chain,"plant t=65 own(13,7) esc=2"
s0,?,GOT_KILLED,corner_pin,"plant t=223 enemy(14,13) esc=0"
s0,?,GOT_KILLED,corner_pin,"plant t=88 enemy(4,9) esc=0"
s0,?,KILLED_SELF,sim_miss,"plant t=244 own(1,4) esc=2 sealed enemy(2,5)@246"
s0,?,KILLED_SELF,own_bomb_chain,"plant t=250 own(15,11) esc=3"
s0,?,GOT_KILLED,corner_pin,"plant t=142 enemy(14,15) esc=0"
s0,?,GOT_KILLED,corner_pin,"plant t=55 enemy(15,14) esc=0 owner_mismatch(coord=own,engine=GOT_KILLED)"
s0,?,GOT_KILLED,corner_pin,"plant t=263 enemy(5,11) esc=0"
s0,?,GOT_KILLED,corner_pin,"plant t=96 enemy(9,12) esc=0"
s0,?,KILLED_SELF,own_bomb_chain,"plant t=138 own(5,9) esc=2"
s0,?,GOT_KILLED,corner_pin,"plant t=105 enemy(9,8) esc=0"
s0,?,GOT_KILLED,corner_pin,"plant t=91 enemy(9,13) esc=0"
s0,?,KILLED_SELF,corner_pin,"plant t=227 own(11,1) esc=1"
s0,?,KILLED_SELF,corner_pin,"plant t=113 own(9,5) esc=0 owner_mismatch(coord=enemy,engine=KILLED_SELF)"
s0,?,GOT_KILLED,corner_pin,"plant t=193 enemy(9,5) esc=0"
