ep,steps,ret_mean,pg,kl
1,179,-0.0629,-0.0898,-0.0000
2,49,-8.4961,0.0509,0.0000
3,105,-1.6468,-0.1570,0.0001
4,304,-1.3152,0.0402,0.0001
5,345,-2.7950,-0.0154,0.0003
6,316,-2.3730,-0.0197,0.0002
7,256,-0.5515,0.0137,0.0003
8,183,-6.7336,0.0028,0.0004
9,213,-1.3253,-0.0462,0.0008
10,139,-3.4294,-0.1236,0.0009
11,167,-2.2790,-0.0255,0.0011
12,323,-0.8443,-0.1581,0.0008
13,118,-3.9053,-0.2150,0.0008
14,197,-0.3494,-0.1201,0.0011
15,319,-0.0640,0.0555,0.0013
16,183,-5.3653,-0.0205,0.0027
17,81,-8.4012,-0.0696,0.0017
18,267,0.2199,-0.1214,0.0022
19,316,-0.8255,-0.1242,0.0014
20,186,-3.1984,-0.0438,0.0020
21,134,0.2499,-0.2214,0.0031
22,66,-9.3888,-0.0831,0.0046
23,291,-0.3814,0.0406,0.0031
24,126,-1.8390,-0.0462,0.0050
25,136,-3.4096,-0.1077,0.0050
26,154,-6.5240,-0.0426,0.0031
27,135,-0.4859,0.1215,0.0026
28,158,-3.5594,-0.1299,0.0056
29,319,0.6629,-0.1151,0.0023
30,321,-0.5065,0.0140,0.0029
31,330,-2.0037,-0.0738,0.0054
32,163,-0.6457,-0.1460,0.0034
33,67,-4.0128,-0.0059,0.0068
34,181,1.5279,-0.0781,0.0058
35,229,-0.4498,0.0515,0.0049
36,62,-4.1373,-0.0968,0.0177
37,324,-1.5766,0.0703,0.0048
38,70,-3.4128,-0.2860,0.0111
39,318,-0.0728,-0.0150,0.0040
40,45,-3.3372,-0.1239,0.0041
41,310,-1.5057,-0.0427,0.0043
42,78,-4.0670,-0.2744,0.0097
43,111,-7.4312,-0.0260,0.0155
44,131,-6.8585,-0.2522,0.0051
45,115,-7.0020,-0.0273,0.0123
46,314,-0.0935,-0.0809,0.0043
47,332,-1.6123,-0.0775,0.0052
48,305,-0.7361,-0.0153,0.0050
49,283,-2.4112,0.0712,0.0100
50,156,0.5794,0.0926,0.0107
51,332,-0.7546,-0.0690,0.0057
52,100,-6.7091,-0.0917,0.0113
53,185,0.6089,-0.0327,0.0056
54,367,-1.5563,0.0253,0.0045
55,326,-0.8976,-0.0158,0.0054
56,77,-6.3382,-0.1841,0.0073
57,317,-1.2452,-0.0741,0.0073
58,306,-0.8707,-0.0645,0.0120
59,154,-1.2159,-0.1866,0.0067
60,333,-2.0489,0.0361,0.0080
61,331,-1.8124,-0.0513,0.0069
62,131,-3.4309,-0.0345,0.0126
63,341,-2.5458,-0.0050,0.0047
64,251,-4.5920,-0.0454,0.0061
65,327,-1.1369,-0.0683,0.0059
66,60,-8.2567,-0.1434,0.0198
67,143,1.9613,0.0316,0.0184
68,292,-2.2002,0.0132,0.0180
69,305,-1.1592,0.0002,0.0136
70,310,-0.9370,-0.0232,0.0107
71,249,-3.1816,-0.1094,0.0101
72,322,-2.0615,-0.0252,0.0123
73,196,-0.3692,0.0020,0.0134
74,47,-4.4645,-0.0531,0.0305
75,121,-7.6785,-0.1959,0.0236
76,114,-1.1878,-0.0708,0.0124
77,305,-0.2599,-0.0096,0.0080
78,372,-0.1322,0.0504,0.0107
79,219,-2.8687,0.0640,0.0189
80,146,-3.3054,-0.1001,0.0278
81,86,-7.0766,-0.0396,0.0094
82,269,-0.7276,0.0937,0.0147
83,302,-0.9398,-0.0606,0.0137
84,320,-1.6611,-0.0042,0.0088
85,327,-2.3075,-0.0248,0.0108
86,78,-4.0205,-0.1182,0.0445
87,150,2.4319,0.0991,0.0283
88,194,1.2569,0.0744,0.0123
89,293,-0.8848,-0.0091,0.0150
90,224,-5.5497,-0.1154,0.0134
91,279,-0.4716,-0.0299,0.0111
92,231,-0.6169,0.0705,0.0117
93,273,1.6179,-0.0292,0.0120
94,199,0.5908,-0.0612,0.0161
95,204,1.3946,0.0218,0.0163
96,286,-2.0759,0.0050,0.0147
97,176,0.2782,-0.1693,0.0130
98,186,-3.7917,-0.0778,0.0414
99,159,-1.5947,-0.1204,0.0219
100,103,-3.3635,-0.1453,0.0182
101,316,-0.7542,0.0178,0.0156
102,334,-0.7273,-0.0567,0.0167
103,222,0.3225,-0.0450,0.0351
104,155,-0.5728,-0.0687,0.0143
105,84,-3.8456,-0.1588,0.0152
106,102,-7.5780,-0.0759,0.0257
107,319,-1.2570,-0.0928,0.0245
108,331,-0.8457,-0.0777,0.0292
109,110,-7.4027,-0.0685,0.0189
110,62,-2.5609,-0.0799,0.0366
111,143,-6.4550,-0.0229,0.0274
112,207,-2.8671,-0.0515,0.0230
113,71,-4.4912,-0.0590,0.0452
114,301,-1.9890,0.0002,0.0216
115,191,-1.0111,0.0340,0.0234
116,91,-6.8031,-0.1191,0.0329
117,297,-0.8051,-0.0031,0.0197
118,336,-1.2894,-0.0492,0.0278
119,326,-1.9859,-0.0549,0.0188
120,230,0.9297,-0.1094,0.0320
121,315,-5.2523,-0.1492,0.0225
122,123,-8.1037,-0.0354,0.0369
123,320,-2.5025,0.0036,0.0224
124,151,-2.7788,-0.1029,0.0479
125,303,-2.0340,-0.0510,0.0284
126,167,-7.2299,-0.1434,0.0428
127,191,0.0593,-0.1716,0.0614
128,155,0.3895,-0.0553,0.0736
129,141,-3.0918,-0.0994,0.0334
130,59,-9.4014,0.0203,0.0532
131,223,-0.5156,0.0893,0.0240
132,198,-0.0995,0.0098,0.0310
133,307,-0.9264,-0.0423,0.0367
134,327,-1.1454,-0.1299,0.0256
135,304,-1.2587,-0.1148,0.0297
136,154,-6.0799,0.0346,0.0418
137,208,0.3476,-0.1466,0.0423
138,217,-0.3912,-0.0846,0.0356
139,84,-6.6131,0.0685,0.0316
140,325,-2.2223,0.0183,0.0264
141,206,-4.1864,-0.0732,0.0349
142,310,-1.5476,-0.1833,0.0304
143,301,-0.5394,-0.0411,0.0524
144,278,-3.0189,-0.0958,0.0474
145,232,-2.2933,-0.0265,0.0286
146,237,-4.2664,-0.1577,0.0227
147,197,0.0237,-0.0431,0.0554
148,340,-1.8547,-0.1343,0.0319
149,111,-8.0083,-0.0861,0.0383
150,361,-1.3016,0.1315,0.0144
151,220,-2.9148,-0.0897,0.0546
152,141,-3.2681,-0.1205,0.0285
153,102,-3.7664,-0.0152,0.0566
154,261,-0.7540,0.1057,0.0405
155,319,-1.6041,-0.0551,0.0303
156,141,-6.4822,-0.0859,0.0413
157,159,-0.2150,-0.0040,0.0452
158,291,-1.4520,0.0257,0.0375
159,132,-5.4000,-0.1457,0.0558
160,81,-6.0632,-0.3037,0.0519
161,286,-0.1188,-0.2244,0.0405
162,362,-2.4777,0.0878,0.0075
163,320,-0.3251,-0.1543,0.0509
164,319,-1.5349,-0.1341,0.0384
165,172,-1.2825,-0.2625,0.0453
166,250,-2.5668,-0.0783,0.0362
167,329,-2.1889,-0.0520,0.0378
168,204,-2.6029,-0.0741,0.0497
169,364,-1.7403,0.1500,0.0184
170,279,-2.2603,-0.1501,0.0506
171,227,-0.5009,-0.1624,0.0478
172,232,-5.4088,-0.0326,0.0512
173,335,-2.1947,-0.0620,0.0548
174,152,-7.2050,-0.0936,0.0587
175,141,-0.8409,-0.0909,0.0575
176,85,-4.2564,-0.1640,0.0386
177,321,-0.4022,-0.0333,0.0762
178,311,-1.4038,-0.0808,0.0579
179,126,-0.2394,-0.0096,0.0771
180,310,-2.1059,-0.0574,0.0464
181,319,-1.4593,-0.0704,0.0416
182,327,-1.0967,-0.1973,0.0560
183,318,-1.2887,-0.0582,0.0567
184,149,-0.9285,-0.0879,0.0584
185,305,-1.6347,-0.1109,0.0573
186,306,-1.1632,0.0241,0.0695
187,356,0.1395,0.0336,0.0357
188,328,-1.2605,-0.0320,0.0572
189,336,-0.8472,-0.1600,0.0615
190,367,-0.5716,-0.1825,0.0506
191,322,0.3129,-0.0579,0.0852
192,308,-2.1690,-0.1783,0.0728
193,87,-3.8147,-0.0468,0.1018
194,231,-3.2839,-0.2810,0.0762
195,46,-4.0695,-0.1428,0.0942
196,222,-0.6524,-0.0677,0.0913
197,335,-1.9753,0.0162,0.0841
198,149,0.5241,-0.2258,0.0689
199,114,-7.9250,-0.1408,0.0509
200,56,-4.4205,0.0267,0.0728
201,331,-0.8546,0.0568,0.0400
202,91,-3.5107,-0.4240,0.0950
203,324,-1.2732,-0.1668,0.0838
204,310,-1.2161,-0.0950,0.0785
205,31,-4.6589,-0.3084,0.0657
206,118,-3.1888,-0.1506,0.0761
207,149,1.0545,-0.1200,0.0786
208,231,-4.5378,-0.1163,0.0799
209,60,-9.2555,-0.0403,0.0656
210,153,-6.2985,-0.1293,0.0826
211,160,-3.6538,-0.1091,0.0815
212,142,0.4802,-0.2215,0.0639
213,293,0.9442,0.0374,0.0925
214,323,-1.3382,-0.0939,0.1018
215,42,-5.1371,-0.2598,0.0748
216,305,-2.2028,-0.0402,0.0857
217,178,-7.2406,-0.1382,0.1187
218,214,-5.2197,-0.1440,0.0693
219,186,-3.5073,-0.0614,0.1129
220,294,-1.3416,-0.1483,0.0997
221,179,-3.0484,-0.1263,0.0888
222,69,-3.4662,-0.2491,0.0763
223,305,-1.3426,-0.1406,0.1117
224,254,-0.4823,-0.1311,0.1125
225,312,-1.7774,-0.1818,0.1114
226,322,-0.0397,-0.0822,0.1130
227,281,-2.0052,-0.1239,0.1344
228,303,-0.4906,-0.2618,0.1293
229,184,-2.6740,-0.1477,0.1007
230,133,-3.2984,-0.2102,0.1140
231,128,-5.8554,-0.2355,0.0807
232,73,-9.0656,-0.0951,0.1144
233,138,-3.4367,-0.1154,0.1275
234,288,-3.4528,-0.1952,0.1597
235,60,-4.2138,-0.0887,0.0953
236,66,-1.1539,0.0310,0.0962
237,309,-0.1100,-0.1604,0.1319
238,108,-3.0477,-0.1139,0.1436
239,360,-0.8020,0.0555,0.0526
240,143,-3.6902,-0.2295,0.1417
241,188,-6.6499,-0.1465,0.1320
242,50,-4.0891,-0.1185,0.0841
243,291,0.1872,-0.0372,0.1813
244,210,-3.4129,-0.0809,0.1603
245,163,-6.1506,-0.2940,0.2206
246,40,-4.9568,-0.0867,0.1050
247,190,1.3238,-0.1265,0.1362
248,217,-3.0734,-0.0407,0.1644
249,169,-3.4165,-0.1659,0.1080
250,304,0.4949,-0.0566,0.2760
251,131,-4.9381,-0.1901,0.2190
252,81,-4.6614,-0.2742,0.1387
253,76,-8.9557,-0.1491,0.1521
254,297,-0.9054,-0.0130,0.2309
255,107,-6.9887,-0.2206,0.1355
256,132,-6.8296,-0.1743,0.2148
257,233,1.8383,-0.2488,0.2884
258,122,-3.9329,-0.1831,0.1715
259,234,-3.2776,-0.1001,0.2855
260,310,-2.3143,-0.0628,0.2204
261,181,0.5763,0.0522,0.1985
262,346,-0.9550,0.2297,0.0752
263,343,-2.2599,-0.2217,0.2685
264,258,-1.7320,0.0633,0.2350
265,317,-0.3351,-0.2470,0.2169
266,51,-9.1932,-0.0155,0.0998
267,52,-10.2134,0.0188,0.2269
268,177,1.0002,-0.2146,0.2107
269,161,-1.8591,-0.1061,0.2632
270,155,-2.0119,-0.2441,0.2061
271,318,-0.8639,-0.1713,0.2671
272,48,-9.6059,-0.4480,0.1525
273,127,0.8759,-0.3000,0.1756
274,53,-10.5698,-0.3008,0.1371
275,326,-1.3394,-0.2527,0.3555
276,157,-2.9702,-0.2383,0.3067
277,189,0.5470,-0.3425,0.3263
278,46,-4.8109,-0.0513,0.1434
279,318,-1.6322,-0.1357,0.3157
280,308,-4.3572,-0.2146,0.3666
281,298,-0.8668,-0.3405,0.3819
282,362,-0.6291,-0.0609,0.1672
283,312,-1.6588,-0.2157,0.3463
284,129,-2.9435,-0.2030,0.3449
285,55,-9.4484,-0.2865,0.1474
286,371,1.2128,-0.3286,0.4807
287,113,-1.1493,-0.1287,0.2805
288,338,-2.0060,-0.3013,0.4410
289,83,-3.7783,-0.1878,0.2753
290,131,-3.9177,-0.1209,0.3203
291,153,0.0374,-0.2251,0.3392
292,273,-1.8144,-0.3926,0.4234
293,310,-1.2649,-0.2017,0.5306
294,101,-3.2024,-0.7386,0.4372
295,279,-1.0841,-0.2304,0.5521
296,317,-1.2535,-0.1416,0.6561
297,336,-1.2397,-0.3773,0.6673
298,172,-6.9058,-0.2883,0.6526
299,153,-6.2181,-0.3426,0.4165
300,97,-4.5134,-0.2926,0.3527
